book_id,total_issues,recent_issues,month_no,available_quantity,next_month_demand
1,32,30,12,10,31.6
2,35,30,12,10,34.0
3,46,30,12,10,42.800000000000004
4,24,24,12,10,24.000000000000004
5,37,30,12,10,35.6
6,31,30,12,10,30.8
7,19,19,12,10,19.0
8,41,30,12,10,38.800000000000004
9,37,30,12,10,35.6
10,39,30,12,10,37.2
11,37,30,12,10,35.6
12,33,30,12,10,32.400000000000006
13,33,30,12,10,32.400000000000006
14,31,30,12,10,30.8
15,25,25,12,10,25.0
